Spot Name,Direct Image URL,Photographer
Wong Tai Sin Temple,https://images.unsplash.com/photo-1741323004453-4a1b4a1d8526?crop=entropy&cs=tinysrgb&fit=max&fm=jpg&ixid=M3w4MDgzNjR8MHwxfHNlYXJjaHwxfHxXb25nJTIwVGFpJTIwU2luJTIwVGVtcGxlJTIwSG9uZyUyMEtvbmd8ZW58MHx8fHwxNzU4NzE1NzI3fDA&ixlib=rb-4.1.0&q=80&w=1080,文婕 郑
Ngong Ping Big Buddha,https://images.unsplash.com/photo-1696834216981-8e35dd2ef1f9?crop=entropy&cs=tinysrgb&fit=max&fm=jpg&ixid=M3w4MDgzNjR8MHwxfHNlYXJjaHwxfHxOZ29uZyUyMFBpbmclMjBCaWclMjBCdWRkaGElMjBIb25nJTIwS29uZ3xlbnwwfHx8fDE3NTg3MTU3MzB8MA&ixlib=rb-4.1.0&q=80&w=1080,Tarun Kumaar P
Avenue of Stars,https://images.unsplash.com/photo-1739971946442-e93f0075d746?crop=entropy&cs=tinysrgb&fit=max&fm=jpg&ixid=M3w4MDgzNjR8MHwxfHNlYXJjaHwxfHxBdmVudWUlMjBvZiUyMFN0YXJzJTIwSG9uZyUyMEtvbmd8ZW58MHx8fHwxNzU4NzE1NzMyfDA&ixlib=rb-4.1.0&q=80&w=1080,Kevin Wang
Star Ferry,https://images.unsplash.com/photo-1527656060077-ce2fea0e9cea?crop=entropy&cs=tinysrgb&fit=max&fm=jpg&ixid=M3w4MDgzNjR8MHwxfHNlYXJjaHwxfHxTdGFyJTIwRmVycnklMjBIb25nJTIwS29uZ3xlbnwwfHx8fDE3NTg3MTU3MzR8MA&ixlib=rb-4.1.0&q=80&w=1080,qi bin
Po Lin Monastery,https://images.unsplash.com/photo-1644353764235-41ec550057a9?crop=entropy&cs=tinysrgb&fit=max&fm=jpg&ixid=M3w4MDgzNjR8MHwxfHNlYXJjaHwxfHxQbyUyMExpbiUyME1vbmFzdGVyeSUyMEhvbmclMjBLb25nfGVufDB8fHx8MTc1ODcxNTczNnww&ixlib=rb-4.1.0&q=80&w=1080,Mathew Browne
Ocean Park,https://images.unsplash.com/photo-1611336849651-6c7e42adc621?crop=entropy&cs=tinysrgb&fit=max&fm=jpg&ixid=M3w4MDgzNjR8MHwxfHNlYXJjaHwxfHxPY2VhbiUyMFBhcmslMjBIb25nJTIwS29uZ3xlbnwwfHx8fDE3NTg3MTU3Mzl8MA&ixlib=rb-4.1.0&q=80&w=1080,Kelvin Yan
Disneyland,https://images.unsplash.com/photo-1720805819602-b3c7b33eb5de?crop=entropy&cs=tinysrgb&fit=max&fm=jpg&ixid=M3w4MDgzNjR8MHwxfHNlYXJjaHwxfHxEaXNuZXlsYW5kJTIwSG9uZyUyMEtvbmd8ZW58MHx8fHwxNzU4NzE1NzQxfDA&ixlib=rb-4.1.0&q=80&w=1080,Jean D
Lantau Island,https://images.unsplash.com/photo-1737039222331-ea5e1a9be109?crop=entropy&cs=tinysrgb&fit=max&fm=jpg&ixid=M3w4MDgzNjR8MHwxfHNlYXJjaHwxfHxMYW50YXUlMjBJc2xhbmQlMjBIb25nJTIwS29uZ3xlbnwwfHx8fDE3NTg3MTU3NDN8MA&ixlib=rb-4.1.0&q=80&w=1080,Niana
Cheung Chau,https://images.unsplash.com/photo-1589599368431-7c4c3604d293?crop=entropy&cs=tinysrgb&fit=max&fm=jpg&ixid=M3w4MDgzNjR8MHwxfHNlYXJjaHwxfHxDaGV1bmclMjBDaGF1JTIwSG9uZyUyMEtvbmd8ZW58MHx8fHwxNzU4NzE1NzQ1fDA&ixlib=rb-4.1.0&q=80&w=1080,Arthur Cheung
Lamma Island,https://images.unsplash.com/photo-1606748335428-fa7c54db7018?crop=entropy&cs=tinysrgb&fit=max&fm=jpg&ixid=M3w4MDgzNjR8MHwxfHNlYXJjaHwxfHxMYW1tYSUyMElzbGFuZCUyMEhvbmclMjBLb25nfGVufDB8fHx8MTc1ODcxNTc0N3ww&ixlib=rb-4.1.0&q=80&w=1080,Burak Ceviz
Peng Chau,https://images.unsplash.com/photo-1615303927577-ceb34ac3997a?crop=entropy&cs=tinysrgb&fit=max&fm=jpg&ixid=M3w4MDgzNjR8MHwxfHNlYXJjaHwxfHxQZW5nJTIwQ2hhdSUyMEhvbmclMjBLb25nfGVufDB8fHx8MTc1ODcxNTc0OXww&ixlib=rb-4.1.0&q=80&w=1080,Shirley Du
Sai Kung,https://images.unsplash.com/photo-1586184550978-be9dd62816db?crop=entropy&cs=tinysrgb&fit=max&fm=jpg&ixid=M3w4MDgzNjR8MHwxfHNlYXJjaHwxfHxTYWklMjBLdW5nJTIwSG9uZyUyMEtvbmd8ZW58MHx8fHwxNzU4NzE1NzUxfDA&ixlib=rb-4.1.0&q=80&w=1080,Carry Kung
Dragon's Back,https://images.unsplash.com/photo-1718254841540-5575ea50f331?crop=entropy&cs=tinysrgb&fit=max&fm=jpg&ixid=M3w4MDgzNjR8MHwxfHNlYXJjaHwxfHxEcmFnb24lMjdzJTIwQmFjayUyMEhvbmclMjBLb25nfGVufDB8fHx8MTc1ODcxNTc1M3ww&ixlib=rb-4.1.0&q=80&w=1080,SHI Zeyang
Shek O Beach,https://images.unsplash.com/photo-1750381087007-6a28746d3aa1?crop=entropy&cs=tinysrgb&fit=max&fm=jpg&ixid=M3w4MDgzNjR8MHwxfHNlYXJjaHwxfHxTaGVrJTIwTyUyMEJlYWNoJTIwSG9uZyUyMEtvbmd8ZW58MHx8fHwxNzU4NzE1NzU1fDA&ixlib=rb-4.1.0&q=80&w=1080,Kaden Taylor
Tai O Fishing Village,https://images.unsplash.com/photo-1554688597-fcfe2b26073c?crop=entropy&cs=tinysrgb&fit=max&fm=jpg&ixid=M3w4MDgzNjR8MHwxfHNlYXJjaHwxfHxUYWklMjBPJTIwRmlzaGluZyUyMFZpbGxhZ2UlMjBIb25nJTIwS29uZ3xlbnwwfHx8fDE3NTg3MTU3NTd8MA&ixlib=rb-4.1.0&q=80&w=1080,Camille Bismonte
Ten Thousand Buddhas Monastery,https://images.unsplash.com/photo-1695559009472-3600c977c771?crop=entropy&cs=tinysrgb&fit=max&fm=jpg&ixid=M3w4MDgzNjR8MHwxfHNlYXJjaHwxfHxUZW4lMjBUaG91c2FuZCUyMEJ1ZGRoYXMlMjBNb25hc3RlcnklMjBIb25nJTIwS29uZ3xlbnwwfHx8fDE3NTg3MTU3NTl8MA&ixlib=rb-4.1.0&q=80&w=1080,Michael Rivera
Hong Kong Park,https://images.unsplash.com/photo-1559239352-18fe74bbc663?crop=entropy&cs=tinysrgb&fit=max&fm=jpg&ixid=M3w4MDgzNjR8MHwxfHNlYXJjaHwxfHxIb25nJTIwS29uZyUyMFBhcmslMjBIb25nJTIwS29uZ3xlbnwwfHx8fDE3NTg3MTU3NjF8MA&ixlib=rb-4.1.0&q=80&w=1080,Señor Ashraf
Kowloon Park,https://images.unsplash.com/photo-1639543379959-f1e996ad6158?crop=entropy&cs=tinysrgb&fit=max&fm=jpg&ixid=M3w4MDgzNjR8MHwxfHNlYXJjaHwxfHxLb3dsb29uJTIwUGFyayUyMEhvbmclMjBLb25nfGVufDB8fHx8MTc1ODcxNTc2M3ww&ixlib=rb-4.1.0&q=80&w=1080,Kate Genita
